deviceId,status
PO000106,Failed (Status 201)
PO000103,Failed (Status 201)
PO000107,Failed (Status 201)
PO000101,Failed (Status 201)
PO000011,Failed (Status 201)
PO000007,Failed (Status 201)
PO000009,Failed (Status 201)
PO000010,Failed (Status 201)
PO000117,Failed (Status 201)
PO000008,Failed (Status 201)
PO000020,Failed (Status 201)
PO000122,Failed (Status 201)
PO000022,Failed (Status 201)
PO000124,Failed (Status 201)
PO000030,Failed (Status 201)
PO000036,Failed (Status 201)
PO000136,Failed (Status 201)
PO000139,Failed (Status 201)
PO000040,Failed (Status 201)
PO000037,Failed (Status 201)
PO000144,Failed (Status 201)
PO000143,Failed (Status 201)
PO000146,Failed (Status 201)
PO000148,Failed (Status 201)
PO000153,Failed (Status 201)
PO000154,Failed (Status 201)
PO000152,Failed (Status 201)
PO000055,Failed (Status 201)
PO000051,Failed (Status 201)
PO000159,Failed (Status 201)
PO000167,Failed (Status 201)
PO000164,Failed (Status 201)
PO000143,Failed (Status 201)
PO000171,Failed (Status 201)
PO000173,Failed (Status 201)
PO000175,Failed (Status 201)
PO000044,Failed (Status 201)
PO000179,Failed (Status 201)
